Dataset,Stage,Row Count,Avg Words
Digital Umuganda,Raw,47824,7.344680495148879
Digital Umuganda,Cleaned,44979,7.344060561595412
Mbaza Train,Raw,58251,15.570187636263755
Mbaza Train,Cleaned,57342,15.685736458442328
Mbaza Val,Raw,2456,15.623167752442995
Mbaza Val,Cleaned,2402,15.762073272273106
Mbaza Test,Raw,1060,14.336320754716981
Mbaza Test,Cleaned,1048,14.484732824427482
