Dataset,Language,Total words,Average,Median,Min,Max,Std Dev
Digital Umuganda,Kinyarwanda,294116,6.149966543994647,6.0,0,30,2.545294427325749
Digital Umuganda,English,408388,8.539394446303112,8.0,0,39,3.46433032651861
Mbaza Train,Kinyarwanda,780630,13.401143328011536,12.0,1,134,8.993171929509788
Mbaza Train,English,1033328,17.739231944515975,16.0,1,191,11.671492678450681
Mbaza Val,Kinyarwanda,32840,13.371335504885993,11.0,1,86,9.544863346388984
Mbaza Val,English,43901,17.875,15.0,1,135,12.524365255409812
Mbaza Test,Kinyarwanda,13520,12.754716981132075,11.0,1,75,7.8661024598268
Mbaza Test,English,16873,15.917924528301887,15.0,1,88,9.46998934729732
